,Accuracy,Precision,Recall,F1-score
Training,0.8513513513513513,0.8791208791208791,0.7843137254901961,0.8290155440414507
Test,0.8533333333333334,0.875,0.8,0.835820895522388
