,Accuracy,Precision,Recall,F1-score
Training,0.8648648648648649,0.8913043478260869,0.803921568627451,0.845360824742268
Test,0.8266666666666667,0.8235294117647058,0.8,0.8115942028985508
