,Accuracy,Precision,Recall,F1-score
Training,0.8738738738738738,0.9021739130434783,0.8137254901960784,0.8556701030927835
Test,0.84,0.8709677419354839,0.7714285714285715,0.8181818181818182
