,Accuracy,Precision,Recall,F1-score
Training,0.4954954954954955,0.47282608695652173,0.8529411764705882,0.6083916083916084
Test,0.52,0.49206349206349204,0.8857142857142857,0.6326530612244898
